id,first_name,last_name,email,gender,ip_address
1,Nestor,Scotland,nscotland0@cpanel.net,Male,123.241.98.37
2,Yorgo,Eagers,yeagers1@umich.edu,Male,53.186.57.97
3,Wolfgang,Synnott,wsynnott2@sina.com.cn,Male,9.188.30.30
4,Licha,Wharram,lwharram3@google.nl,Female,226.86.9.172
5,Foster,Carss,fcarss4@cisco.com,Male,69.68.52.55
6,Marty,Burgot,mburgot5@nps.gov,Female,86.11.159.224
7,Hermy,Lunt,hlunt6@washingtonpost.com,Male,175.30.242.182
8,Noak,Rootes,nrootes7@moonfruit.com,Male,240.164.111.155
9,Lorilee,Willars,lwillars8@posterous.com,Female,149.18.85.3
10,Mirabella,Blackborough,mblackborough9@networksolutions.com,Female,71.123.127.0
11,Fonz,Krollman,fkrollmana@amazon.co.uk,Male,35.151.84.255
12,Gerri,Kurten,gkurtenb@gmpg.org,Female,127.147.135.17
13,Johnathon,Edgson,jedgsonc@msn.com,Male,61.155.128.16
14,Kass,Potkin,kpotkind@aol.com,Female,9.218.168.103
15,Deloria,Lerven,dlervene@taobao.com,Female,216.98.103.31
16,Vincenz,Winger,vwingerf@tiny.cc,Male,181.156.142.223
17,Eugen,Feben,efebeng@blogger.com,Male,103.217.50.120
18,Tuesday,Magnay,tmagnayh@networkadvertising.org,Female,178.25.168.181
19,Gun,Fusedale,gfusedalei@phpbb.com,Male,214.2.183.243
20,Naoma,McDonogh,nmcdonoghj@youtube.com,Female,240.3.2.214
21,Brinna,Hedden,bheddenk@sohu.com,Female,161.132.252.201
22,Darsie,Stubbes,dstubbesl@jugem.jp,Genderqueer,43.198.44.17
23,Broddy,Faloon,bfaloonm@columbia.edu,Male,87.204.93.192
24,Emanuele,Wimbury,ewimburyn@fema.gov,Male,164.73.7.225
25,Benetta,Tattersdill,btattersdillo@xrea.com,Female,42.153.241.234
26,Dag,Realff,drealffp@chronoengine.com,Male,58.176.144.191
27,Aylmer,Adamides,aadamidesq@ifeng.com,Male,252.87.187.148
28,Jordon,Mewhirter,jmewhirterr@netscape.com,Bigender,212.239.195.102
29,Jillene,Tippin,jtippins@sfgate.com,Female,43.200.5.233
30,Alaster,Vogele,avogelet@yandex.ru,Male,32.243.192.209
31,Jaye,Attewill,jattewillu@exblog.jp,Male,70.182.218.107
32,Lorin,Matys,lmatysv@ezinearticles.com,Genderfluid,92.56.56.196
33,Jodie,Sirr,jsirrw@hao123.com,Male,226.41.7.195
34,Marylinda,Chezier,mchezierx@stanford.edu,Female,236.122.124.2
35,Bobbee,Kemmett,bkemmetty@weebly.com,Female,13.80.185.43
36,Pearl,Bray,pbrayz@archive.org,Female,253.56.121.175
37,Orion,Treadaway,otreadaway10@sphinn.com,Male,236.30.144.105
38,Drucie,Linster,dlinster11@guardian.co.uk,Female,229.51.112.184
39,Janean,Joder,jjoder12@wikimedia.org,Female,243.79.175.79
40,Jessey,Ambrosi,jambrosi13@phpbb.com,Male,252.36.48.151
41,Ilysa,Roz,iroz14@toplist.cz,Female,248.184.47.50
42,Janette,Radeliffe,jradeliffe15@wiley.com,Female,199.234.40.248
43,Mag,Tadgell,mtadgell16@free.fr,Female,204.220.216.1
44,Amberly,Sparks,asparks17@google.co.uk,Female,164.18.235.39
45,Gilbertina,Sherry,gsherry18@ifeng.com,Female,74.145.49.157
46,Bevin,Sprankling,bsprankling19@bloglines.com,Male,247.100.73.5
47,Sonnie,Holstein,sholstein1a@yahoo.co.jp,Female,224.232.195.47
48,Johanna,Oven,joven1b@nhs.uk,Genderfluid,225.167.75.143
49,Joli,Middis,jmiddis1c@yelp.com,Female,164.11.166.229
50,Whitby,Manske,wmanske1d@guardian.co.uk,Male,114.132.99.50
51,Nicol,Pollitt,npollitt1e@github.io,Non-binary,124.31.81.109
52,Rickey,Skones,rskones1f@archive.org,Male,139.219.144.52
53,Idaline,Di Boldi,idiboldi1g@simplemachines.org,Female,187.42.244.194
54,Noell,Heisham,nheisham1h@plala.or.jp,Female,148.148.164.140
55,Manolo,Keuntje,mkeuntje1i@networkadvertising.org,Male,249.31.50.176
56,Cassey,Raoul,craoul1j@addthis.com,Female,59.175.44.230
57,Enrique,Haly,ehaly1k@privacy.gov.au,Bigender,230.141.226.180
58,Cobby,Cristoforo,ccristoforo1l@angelfire.com,Male,214.238.224.190
59,Niel,Kitson,nkitson1m@vinaora.com,Male,176.230.180.64
60,Sandro,Squire,ssquire1n@apple.com,Male,195.122.28.126
61,Fran,Joberne,fjoberne1o@mozilla.com,Male,92.78.129.108
62,Marylin,Tuckwell,mtuckwell1p@ted.com,Non-binary,91.196.246.10
63,Neville,Fripp,nfripp1q@163.com,Agender,146.111.138.161
64,Oliver,Pople,opople1r@diigo.com,Male,212.80.211.162
65,Gabey,Vellender,gvellender1s@ebay.co.uk,Polygender,239.106.66.84
66,Stuart,Arnett,sarnett1t@soup.io,Male,139.97.143.250
67,Minta,Foulis,mfoulis1u@thetimes.co.uk,Female,87.10.51.180
68,Worthington,Skally,wskally1v@shinystat.com,Male,148.106.149.140
69,Kip,Van Der Weedenburg,kvanderweedenburg1w@paypal.com,Male,237.182.182.203
70,Reynold,Halhead,rhalhead1x@mail.ru,Male,171.150.105.211
71,Renell,Deluce,rdeluce1y@devhub.com,Female,47.185.209.134
72,Agata,Jura,ajura1z@archive.org,Female,53.38.73.67
73,Bettye,Vlasyuk,bvlasyuk20@google.ru,Female,242.248.119.143
74,Dorie,Le Huquet,dlehuquet21@1688.com,Female,159.83.208.240
75,Rickard,Worral,rworral22@barnesandnoble.com,Male,103.131.111.86
76,Maybelle,Hagergham,mhagergham23@deliciousdays.com,Bigender,44.82.182.105
77,Carlin,Niessen,cniessen24@purevolume.com,Female,222.3.139.65
78,Shadow,Mingard,smingard25@cloudflare.com,Male,58.73.42.86
79,Belita,Whitehouse,bwhitehouse26@mozilla.org,Female,33.108.241.184
80,Devlen,Tregiddo,dtregiddo27@cargocollective.com,Male,142.52.156.107
81,Debera,Dignon,ddignon28@imgur.com,Female,162.193.212.219
82,Celie,Phillipson,cphillipson29@odnoklassniki.ru,Female,140.85.63.68
83,Chance,Aynscombe,caynscombe2a@wired.com,Male,180.201.177.103
84,Elton,Douglas,edouglas2b@usa.gov,Male,199.68.95.145
85,Dion,Whiston,dwhiston2c@hexun.com,Male,231.8.118.39
86,Gerrard,Yurygyn,gyurygyn2d@intel.com,Agender,151.58.225.127
87,Kimberli,Monkley,kmonkley2e@sun.com,Female,163.7.142.255
88,Ebenezer,Dundendale,edundendale2f@cbc.ca,Male,114.109.155.131
89,Mathilde,London,mlondon2g@uiuc.edu,Female,172.209.117.95
90,Dorelle,Alster,dalster2h@wikimedia.org,Female,16.218.178.100
91,Hilarius,Wyles,hwyles2i@vimeo.com,Male,230.140.177.0
92,Vicky,Kettel,vkettel2j@123-reg.co.uk,Genderqueer,111.24.47.211
93,Arlinda,Sleford,asleford2k@opera.com,Non-binary,8.132.82.211
94,Tybi,Haywood,thaywood2l@sogou.com,Female,39.199.74.73
95,Nani,Blackborow,nblackborow2m@ibm.com,Female,27.26.195.132
96,Brennan,Eustice,beustice2n@hc360.com,Male,231.190.230.76
97,Bancroft,Guyers,bguyers2o@miibeian.gov.cn,Male,184.153.37.166
98,Terrel,Baron,tbaron2p@springer.com,Male,77.101.200.58
99,Sig,Stonebridge,sstonebridge2q@wisc.edu,Male,13.0.126.5
100,Vanni,Oxlee,voxlee2r@kickstarter.com,Female,169.223.22.108
101,Octavius,Sayer,osayer2s@eepurl.com,Male,110.76.22.247
102,Odella,Heape,oheape2t@tmall.com,Female,192.184.192.252
103,Jarib,Prew,jprew2u@wp.com,Male,50.137.149.51
104,Felicdad,Phalip,fphalip2v@house.gov,Female,80.235.180.23
105,Hogan,Rollinshaw,hrollinshaw2w@hud.gov,Male,178.174.142.169
106,Gilly,McBeath,gmcbeath2x@oakley.com,Female,224.194.213.74
107,Adriano,MacCarlich,amaccarlich2y@un.org,Male,173.185.66.62
108,Sephira,Dawidowsky,sdawidowsky2z@blogspot.com,Female,150.196.142.213
109,Jenda,Colten,jcolten30@umn.edu,Female,215.7.24.205
110,Milissent,Stockall,mstockall31@cornell.edu,Female,58.16.25.83
111,Miquela,Greenhalgh,mgreenhalgh32@pbs.org,Female,220.140.52.187
112,Keriann,De Lorenzo,kdelorenzo33@desdev.cn,Female,123.132.5.77
113,Kingsley,Goodisson,kgoodisson34@booking.com,Male,68.215.207.128
114,Boy,Koubek,bkoubek35@arstechnica.com,Male,50.180.219.88
115,Christie,Searby,csearby36@yelp.com,Male,85.7.215.229
116,Vernen,Binnall,vbinnall37@google.it,Male,43.209.142.136
117,Esdras,Burridge,eburridge38@berkeley.edu,Male,114.181.235.136
118,Web,Creer,wcreer39@illinois.edu,Male,1.167.237.233
119,Kimberlee,Legister,klegister3a@imgur.com,Female,49.255.45.216
120,Mariya,Dyott,mdyott3b@spiegel.de,Female,252.28.211.49
121,Dorisa,Giabuzzi,dgiabuzzi3c@youtu.be,Female,104.101.16.206
122,Paxton,Featherstone,pfeatherstone3d@pbs.org,Male,129.193.69.207
123,Esma,Garr,egarr3e@sitemeter.com,Female,49.95.6.244
124,Ikey,Poundsford,ipoundsford3f@multiply.com,Male,144.24.218.217
125,Jacqui,Andrieux,jandrieux3g@npr.org,Female,138.251.9.161
126,Lemar,Hacket,lhacket3h@mediafire.com,Male,146.69.117.226
127,Misha,Hillitt,mhillitt3i@mozilla.com,Female,210.190.98.250
128,Jamesy,Longfield,jlongfield3j@prnewswire.com,Male,132.22.50.27
129,Ulric,Laybourn,ulaybourn3k@harvard.edu,Male,44.171.215.246
130,Hilarius,Morgon,hmorgon3l@taobao.com,Male,101.181.130.116
131,Hillel,Kervin,hkervin3m@naver.com,Genderqueer,201.242.7.191
132,Zelda,Heelis,zheelis3n@naver.com,Female,165.23.169.178
133,Guillemette,Delia,gdelia3o@photobucket.com,Female,229.98.192.116
134,Durand,Jaxon,djaxon3p@hubpages.com,Male,49.96.106.26
135,Wilek,Darnbrough,wdarnbrough3q@typepad.com,Genderfluid,203.215.239.202
136,Jackqueline,Moyser,jmoyser3r@rediff.com,Female,43.236.194.5
137,Tucker,Gehrtz,tgehrtz3s@bandcamp.com,Male,62.135.105.92
138,Ruby,Brattell,rbrattell3t@google.com.br,Male,194.177.143.16
139,Larry,Nutbeem,lnutbeem3u@tuttocitta.it,Male,217.239.203.11
140,Deerdre,Boldecke,dboldecke3v@craigslist.org,Female,82.74.45.76
141,Alysa,Deluca,adeluca3w@pcworld.com,Female,179.75.175.20
142,Ellary,Goodship,egoodship3x@guardian.co.uk,Male,81.205.47.156
143,Blane,Morhall,bmorhall3y@disqus.com,Male,154.180.159.239
144,Sharleen,Kesey,skesey3z@yolasite.com,Female,51.160.151.217
145,Bradley,Rebanks,brebanks40@wufoo.com,Male,20.10.61.243
146,Casi,Binning,cbinning41@simplemachines.org,Female,251.218.112.171
147,Price,Rennock,prennock42@altervista.org,Male,5.255.132.239
148,Tory,Saunper,tsaunper43@chicagotribune.com,Female,194.34.235.169
149,Ebony,Sunner,esunner44@seattletimes.com,Female,187.39.53.228
150,Meier,Malatalant,mmalatalant45@dailymail.co.uk,Male,128.65.58.89
151,Tiphany,Beevis,tbeevis46@wiley.com,Female,253.156.236.127
152,Orbadiah,Madders,omadders47@admin.ch,Male,121.139.215.204
153,Toddy,Critoph,tcritoph48@sina.com.cn,Male,214.29.128.72
154,Maximo,Pantridge,mpantridge49@eventbrite.com,Male,46.224.110.211
155,Demetra,Tutton,dtutton4a@prweb.com,Female,155.225.67.58
156,Ken,Haysey,khaysey4b@forbes.com,Male,21.247.250.54
157,Oswell,Winkett,owinkett4c@sphinn.com,Male,255.108.180.199
158,Robina,Gethins,rgethins4d@biblegateway.com,Female,164.21.51.171
159,Florry,McGiveen,fmcgiveen4e@amazon.co.uk,Female,158.125.107.2
160,Luciana,Measey,lmeasey4f@facebook.com,Female,67.12.44.58
161,Calhoun,Lydiatt,clydiatt4g@pinterest.com,Male,227.111.66.141
162,Darrell,Zupa,dzupa4h@tiny.cc,Male,102.228.98.143
163,Nerte,Colliss,ncolliss4i@washingtonpost.com,Female,147.91.81.127
164,Maximo,Dobsons,mdobsons4j@hibu.com,Male,10.95.60.109
165,Pearl,Conaboy,pconaboy4k@exblog.jp,Female,234.219.51.125
166,Robbyn,Tremaine,rtremaine4l@nba.com,Female,121.174.236.195
167,Aleksandr,Benyan,abenyan4m@java.com,Male,0.35.176.112
168,Jarrad,Edmondson,jedmondson4n@princeton.edu,Bigender,216.84.186.15
169,Flossy,Gostick,fgostick4o@quantcast.com,Female,69.176.118.36
170,Efrem,Gladdis,egladdis4p@auda.org.au,Male,201.180.18.23
171,Aimee,Haensel,ahaensel4q@geocities.com,Female,250.56.116.116
172,Claudian,Palser,cpalser4r@newsvine.com,Male,153.11.125.50
173,Zachery,Rawcliffe,zrawcliffe4s@paginegialle.it,Male,121.42.121.161
174,Ram,Rickardes,rrickardes4t@nih.gov,Male,126.242.235.159
175,Harrison,Dudney,hdudney4u@sohu.com,Male,47.71.120.2
176,Fairfax,Sorrel,fsorrel4v@tamu.edu,Male,77.22.148.82
177,Viki,McGloin,vmcgloin4w@imgur.com,Female,55.166.193.246
178,Gabi,Willcocks,gwillcocks4x@telegraph.co.uk,Female,243.185.82.180
179,Christina,Dybell,cdybell4y@google.it,Female,206.231.82.229
180,Yardley,Dumphries,ydumphries4z@theatlantic.com,Male,43.1.202.29
181,Abrahan,Ciementini,aciementini50@wikia.com,Male,254.248.25.118
182,Levi,Wisker,lwisker51@cam.ac.uk,Male,71.112.28.47
183,Henry,Sired,hsired52@geocities.jp,Male,12.32.79.215
184,Delmore,Le Guin,dleguin53@xing.com,Male,37.248.0.72
185,Hatti,Purvey,hpurvey54@facebook.com,Female,190.154.230.183
186,Huey,Lanktree,hlanktree55@nasa.gov,Male,113.35.93.74
187,Norrie,Stoneley,nstoneley56@seesaa.net,Female,21.159.63.53
188,Starlene,Grimster,sgrimster57@e-recht24.de,Female,217.3.169.228
189,Norine,Iacomelli,niacomelli58@washingtonpost.com,Female,3.12.98.116
190,Kathy,Dreinan,kdreinan59@dailymail.co.uk,Female,65.61.248.78
191,Vladamir,Cron,vcron5a@walmart.com,Male,10.98.57.147
192,Bethanne,Spring,bspring5b@biglobe.ne.jp,Female,236.119.87.184
193,Nicolas,Willison,nwillison5c@jigsy.com,Male,177.26.93.119
194,Corrina,Deary,cdeary5d@ca.gov,Female,87.247.155.120
195,Cirstoforo,Arthur,carthur5e@ucsd.edu,Male,233.110.79.158
196,Nilson,Nowland,nnowland5f@1und1.de,Male,132.95.202.41
197,Con,Perring,cperring5g@webmd.com,Female,200.80.68.144
198,Erskine,Dealy,edealy5h@addthis.com,Male,224.198.56.204
199,Mavis,Niblock,mniblock5i@java.com,Female,183.220.18.120
200,Brittney,Dyball,bdyball5j@virginia.edu,Female,222.82.205.5
201,Fleurette,Blacklock,fblacklock5k@seattletimes.com,Female,183.19.84.69
202,Marketa,Mortel,mmortel5l@etsy.com,Female,154.158.142.226
203,Taddeusz,Grisenthwaite,tgrisenthwaite5m@ihg.com,Male,117.13.244.131
204,Dix,McLenahan,dmclenahan5n@github.io,Female,234.25.199.118
205,Dorothy,Dohmer,ddohmer5o@free.fr,Non-binary,28.122.81.115
206,Fleur,Kyttor,fkyttor5p@bizjournals.com,Female,26.78.152.87
207,Michell,Grzelewski,mgrzelewski5q@webmd.com,Female,255.237.148.74
208,Pepi,Harroll,pharroll5r@nhs.uk,Female,6.165.225.122
209,Dillie,Sharma,dsharma5s@dmoz.org,Male,110.166.83.94
210,Ab,Trow,atrow5t@vinaora.com,Male,136.201.72.109
211,Belvia,Hartless,bhartless5u@sciencedaily.com,Female,194.31.112.8
212,Coletta,Magister,cmagister5v@nhs.uk,Female,210.179.20.132
213,Dylan,De Bischop,ddebischop5w@uol.com.br,Male,10.61.225.230
214,Randie,Baudone,rbaudone5x@w3.org,Polygender,202.248.114.60
215,Lauree,Durrans,ldurrans5y@w3.org,Female,1.250.57.117
216,Gerianna,Parmeter,gparmeter5z@merriam-webster.com,Female,223.226.136.90
217,Annabella,Worsall,aworsall60@webnode.com,Female,32.73.175.155
218,Allegra,Bompas,abompas61@spiegel.de,Female,6.14.7.54
219,Korry,Sterman,ksterman62@slate.com,Female,81.227.23.137
220,Charlene,Muat,cmuat63@fc2.com,Female,233.247.140.44
221,Noll,Wathan,nwathan64@yellowbook.com,Male,211.8.62.40
222,Robby,Dinsell,rdinsell65@google.com.br,Male,234.202.33.247
223,Albertine,Ivanonko,aivanonko66@macromedia.com,Female,169.57.238.177
224,Andros,Gentle,agentle67@google.ru,Genderfluid,254.223.184.138
225,Jacquenetta,Gristwood,jgristwood68@multiply.com,Female,95.168.219.94
226,Harli,Kunzelmann,hkunzelmann69@cloudflare.com,Female,90.148.229.154
227,Brigg,Yeskin,byeskin6a@opera.com,Male,51.35.87.149
228,Zea,Pierton,zpierton6b@google.fr,Female,20.212.33.14
229,Ricki,Grimsditch,rgrimsditch6c@dailymail.co.uk,Male,110.95.209.89
230,Temple,Le - Count,tlecount6d@shop-pro.jp,Male,47.122.56.126
231,Rand,Hayfield,rhayfield6e@go.com,Male,191.226.198.227
232,Jeanette,Gillings,jgillings6f@ifeng.com,Bigender,154.131.224.161
233,Kania,Winman,kwinman6g@yellowbook.com,Bigender,109.40.34.215
234,Allyson,Izhakov,aizhakov6h@ihg.com,Female,150.103.46.146
235,Valdemar,Edlyne,vedlyne6i@stumbleupon.com,Male,186.169.179.50
236,Gard,Colebeck,gcolebeck6j@tripod.com,Male,152.10.242.205
237,Alisa,Boase,aboase6k@theguardian.com,Female,218.85.167.31
238,Port,Jouaneton,pjouaneton6l@un.org,Male,244.23.202.203
239,Odille,Piddick,opiddick6m@admin.ch,Female,26.150.4.39
240,Wally,Varran,wvarran6n@miitbeian.gov.cn,Male,18.215.144.242
241,Glyn,Birrane,gbirrane6o@marketwatch.com,Male,105.40.112.34
242,Petr,Knibley,pknibley6p@fda.gov,Male,140.129.72.59
243,Kirk,O'Sherin,kosherin6q@ed.gov,Male,4.250.124.206
244,Ali,Loy,aloy6r@github.com,Male,32.31.163.245
245,Kimberley,Cordelet,kcordelet6s@istockphoto.com,Female,59.155.22.49
246,Jonell,Cockson,jcockson6t@prlog.org,Female,74.36.236.25
247,Veronica,Lazer,vlazer6u@google.it,Female,175.55.223.237
248,Joy,Maffeo,jmaffeo6v@chron.com,Polygender,110.132.203.56
249,Juliet,Effemy,jeffemy6w@bloomberg.com,Female,18.111.155.115
250,Woodman,O'Flaherty,woflaherty6x@exblog.jp,Male,234.44.102.197
251,Lida,Plewright,lplewright6y@moonfruit.com,Female,218.154.108.220
252,Ivan,Oggers,ioggers6z@over-blog.com,Male,164.92.167.213
253,Burlie,MacGarrity,bmacgarrity70@dailymail.co.uk,Male,229.13.254.90
254,Gloriane,Medley,gmedley71@unblog.fr,Female,14.43.214.159
255,Bridgette,Glantz,bglantz72@archive.org,Female,171.54.38.25
256,Charlene,Benoey,cbenoey73@twitpic.com,Female,63.229.149.70
257,Yorgos,Folbige,yfolbige74@angelfire.com,Male,114.116.31.213
258,Robbie,Pattison,rpattison75@a8.net,Female,79.13.205.116
259,Margalit,Sabey,msabey76@nytimes.com,Female,128.165.167.168
260,Kort,Paylor,kpaylor77@tmall.com,Male,52.212.70.100
261,Anthiathia,Fitch,afitch78@e-recht24.de,Female,35.72.201.191
262,Arlina,Gerard,agerard79@about.me,Female,107.26.74.177
263,Barrie,Mallan,bmallan7a@businessweek.com,Female,35.53.141.182
264,Tully,Germaine,tgermaine7b@uol.com.br,Genderfluid,172.244.146.154
265,Harris,Offell,hoffell7c@microsoft.com,Male,29.79.214.134
266,Gaye,Hatcher,ghatcher7d@ow.ly,Female,85.53.223.242
267,Domenic,Mordan,dmordan7e@unicef.org,Genderqueer,113.57.154.157
268,Jobie,Pavinese,jpavinese7f@nydailynews.com,Female,224.112.212.56
269,Grazia,Sleight,gsleight7g@ed.gov,Female,206.26.98.164
270,Wilhelmine,MacKeller,wmackeller7h@unesco.org,Female,230.16.147.138
271,Son,Oven,soven7i@usnews.com,Male,39.44.123.213
272,Winny,Jeffryes,wjeffryes7j@cpanel.net,Male,61.210.140.191
273,Temple,Waterhous,twaterhous7k@meetup.com,Male,140.243.98.155
274,Ianthe,Passmore,ipassmore7l@sun.com,Female,148.45.137.89
275,Graig,Fussie,gfussie7m@mediafire.com,Male,244.8.5.234
276,Rob,Green,rgreen7n@sciencedirect.com,Male,117.58.113.131
277,Errol,Robley,erobley7o@wikipedia.org,Male,127.90.34.82
278,Clerkclaude,Reichartz,creichartz7p@people.com.cn,Male,105.6.15.155
279,Lindie,Locke,llocke7q@de.vu,Female,226.26.253.58
280,Janek,Mattessen,jmattessen7r@army.mil,Male,6.176.45.101
281,Ode,Cordeau],ocordeau7s@foxnews.com,Male,240.16.94.144
282,Gunther,Rockcliffe,grockcliffe7t@amazon.de,Male,193.106.176.95
283,Schuyler,Jurries,sjurries7u@statcounter.com,Male,63.250.88.231
284,Elena,Ewers,eewers7v@walmart.com,Genderfluid,185.152.53.33
285,Scottie,Panner,spanner7w@mapquest.com,Male,193.76.151.36
286,Thaxter,Andric,tandric7x@theatlantic.com,Male,32.189.144.53
287,Alastair,Ruzek,aruzek7y@yahoo.co.jp,Male,84.120.218.130
288,Georgi,Glynne,gglynne7z@rediff.com,Male,71.143.78.167
289,Artie,Aitchison,aaitchison80@china.com.cn,Male,156.131.219.38
290,Tamar,MacChaell,tmacchaell81@un.org,Female,21.65.95.150
291,Cacilia,Aitkenhead,caitkenhead82@telegraph.co.uk,Female,32.90.87.139
292,Olenka,Yesinov,oyesinov83@free.fr,Female,87.124.248.24
293,Pancho,Braley,pbraley84@jiathis.com,Male,90.124.171.126
294,Mack,Ralph,mralph85@infoseek.co.jp,Male,66.113.161.211
295,Elia,Brewett,ebrewett86@guardian.co.uk,Male,163.95.214.77
296,Abrahan,Derwin,aderwin87@edublogs.org,Male,121.39.211.188
297,Cort,Shimony,cshimony88@miibeian.gov.cn,Male,229.33.187.92
298,Calley,Giraudo,cgiraudo89@nps.gov,Female,242.146.64.94
299,Evangelina,Carrabott,ecarrabott8a@wisc.edu,Female,44.126.213.51
300,Muriel,Farn,mfarn8b@nps.gov,Polygender,25.240.13.242
301,Rick,Clowton,rclowton8c@howstuffworks.com,Male,167.112.182.61
302,Emmi,Boswood,eboswood8d@princeton.edu,Female,22.75.45.175
303,Taber,Baume,tbaume8e@phpbb.com,Male,118.73.91.66
304,Farra,Venables,fvenables8f@goodreads.com,Female,156.101.106.30
305,Rosabella,Fance,rfance8g@wordpress.com,Female,91.83.188.28
306,Claire,Bortolotti,cbortolotti8h@nature.com,Female,129.205.33.66
307,Maren,Clemenza,mclemenza8i@usatoday.com,Female,56.9.84.226
308,Abbie,Shelp,ashelp8j@1und1.de,Male,251.175.131.90
309,Cary,Duesberry,cduesberry8k@cbc.ca,Female,251.80.99.14
310,Filippo,Render,frender8l@techcrunch.com,Male,31.125.15.85
311,Dacie,Wiersma,dwiersma8m@springer.com,Female,150.41.7.67
312,Cally,Yair,cyair8n@dot.gov,Female,19.90.192.41
313,Jerrome,Frankcomb,jfrankcomb8o@dailymotion.com,Male,216.199.35.22
314,Levin,Casa,lcasa8p@theglobeandmail.com,Male,218.44.219.29
315,Janene,Cunniffe,jcunniffe8q@1688.com,Female,96.203.101.250
316,Rozelle,Addenbrooke,raddenbrooke8r@archive.org,Female,80.14.69.210
317,Douglas,Judkins,djudkins8s@theglobeandmail.com,Male,52.4.247.10
318,Zane,Boyce,zboyce8t@yale.edu,Male,157.92.220.138
319,Arne,Skip,askip8u@hubpages.com,Male,61.92.115.111
320,Faustina,Durnford,fdurnford8v@altervista.org,Female,200.40.133.27
321,Ilyssa,Southcoat,isouthcoat8w@ucoz.ru,Female,231.129.76.105
322,Fletcher,Seamon,fseamon8x@samsung.com,Male,243.141.163.18
323,Keven,Foucard,kfoucard8y@china.com.cn,Male,24.76.109.50
324,Cristal,Stearnes,cstearnes8z@upenn.edu,Female,133.30.85.42
325,Rikki,Santacrole,rsantacrole90@google.es,Female,146.1.75.42
326,Normie,Tatters,ntatters91@posterous.com,Male,3.75.248.115
327,Carlota,Gowdie,cgowdie92@tmall.com,Female,190.110.113.235
328,Enrica,MacCurtain,emaccurtain93@indiatimes.com,Female,174.28.175.131
329,Robby,Varley,rvarley94@qq.com,Male,169.47.45.223
330,Vinni,Grimsdyke,vgrimsdyke95@netscape.com,Female,3.26.143.45
331,Brana,Collimore,bcollimore96@statcounter.com,Female,151.219.220.104
332,Leeanne,Pehrsson,lpehrsson97@sun.com,Female,73.53.219.26
333,Devonna,Alenichev,dalenichev98@themeforest.net,Female,252.72.78.229
334,Aile,Bister,abister99@sakura.ne.jp,Female,223.36.101.137
335,Maryanna,Hawking,mhawking9a@google.ru,Female,105.6.225.57
336,Franklin,Breewood,fbreewood9b@ustream.tv,Male,67.140.158.3
337,Lavinie,D'Avaux,ldavaux9c@prweb.com,Female,183.38.45.170
338,Hillary,Behrend,hbehrend9d@wikimedia.org,Female,231.237.164.190
339,Elwood,Stanhope,estanhope9e@com.com,Male,100.216.149.81
340,Nerta,Rime,nrime9f@amazon.co.uk,Female,162.29.180.189
341,Kate,Aumerle,kaumerle9g@howstuffworks.com,Female,230.0.126.255
342,Sancho,Mattusov,smattusov9h@wsj.com,Male,241.165.49.63
343,Kingsly,Calvey,kcalvey9i@ebay.co.uk,Male,192.72.84.126
344,Mariam,Shrieve,mshrieve9j@un.org,Female,127.160.11.79
345,Rahal,Flood,rflood9k@cafepress.com,Female,203.115.20.45
346,Ric,Le Gallo,rlegallo9l@php.net,Male,67.217.142.128
347,Chic,O'Shiels,coshiels9m@sbwire.com,Male,216.28.0.187
348,Saul,Mostyn,smostyn9n@apache.org,Male,72.74.121.17
349,Sheelagh,Meeks,smeeks9o@utexas.edu,Female,6.133.11.175
350,Carlyle,Cullnean,ccullnean9p@businessinsider.com,Male,48.156.13.7
351,Grant,Borrie,gborrie9q@wp.com,Male,120.161.149.36
352,Gerome,Cooksey,gcooksey9r@cbc.ca,Male,61.136.75.129
353,Mommy,Blackhall,mblackhall9s@simplemachines.org,Female,54.7.177.209
354,Ali,Waulker,awaulker9t@is.gd,Female,149.245.116.218
355,Fransisco,Inder,finder9u@tripod.com,Male,9.143.57.96
356,Gene,Priddis,gpriddis9v@google.co.uk,Non-binary,252.176.154.42
357,Mercedes,Copo,mcopo9w@cargocollective.com,Female,134.210.169.150
358,Engracia,Poyser,epoyser9x@furl.net,Female,237.57.120.100
359,Elise,Bonsall,ebonsall9y@flickr.com,Female,19.244.227.84
360,Dulcy,Ferreira,dferreira9z@xing.com,Female,251.250.43.130
361,Dulce,Arnout,darnouta0@ed.gov,Female,157.186.210.172
362,Christy,Brizell,cbrizella1@youku.com,Female,99.213.206.195
363,Chickie,Simm,csimma2@weather.com,Male,61.77.6.113
364,Hilary,Kochel,hkochela3@creativecommons.org,Male,79.221.220.31
365,Yard,Giovannetti,ygiovannettia4@admin.ch,Male,209.36.241.237
366,Bradan,Branthwaite,bbranthwaitea5@java.com,Male,120.208.58.49
367,Dallon,Pilbeam,dpilbeama6@stumbleupon.com,Male,121.135.146.200
368,Fianna,Downey,fdowneya7@sfgate.com,Female,72.7.234.94
369,Bobbye,Murrow,bmurrowa8@nbcnews.com,Polygender,158.169.133.141
370,Monte,Louthe,mlouthea9@statcounter.com,Male,93.218.29.164
371,Sarita,Pinnegar,spinnegaraa@angelfire.com,Female,103.57.183.56
372,Torry,Cleere,tcleereab@oracle.com,Male,19.37.198.255
373,Marisa,Symmons,msymmonsac@desdev.cn,Female,4.223.65.244
374,Florri,Connar,fconnarad@skyrock.com,Female,188.73.74.232
375,Kathleen,Egginson,kegginsonae@mapquest.com,Female,208.5.158.45
376,Alexandr,Wheatley,awheatleyaf@tripod.com,Male,139.3.191.230
377,Petra,Reith,preithag@gov.uk,Female,29.27.0.11
378,Mindy,De Blasiis,mdeblasiisah@ebay.co.uk,Female,104.108.82.228
379,Vito,Bautiste,vbautisteai@who.int,Male,178.161.185.180
380,Bartel,Wethered,bwetheredaj@webeden.co.uk,Male,245.36.152.181
381,Wynne,Burrill,wburrillak@alexa.com,Female,192.125.23.201
382,Hersch,Doerling,hdoerlingal@statcounter.com,Male,218.120.162.248
383,Lyndsay,Muckart,lmuckartam@economist.com,Female,198.108.174.153
384,Sophi,Cancellor,scancelloran@bigcartel.com,Female,152.233.195.212
385,Stacee,Callinan,scallinanao@lycos.com,Male,201.130.168.190
386,Sheelagh,Chauvey,schauveyap@home.pl,Female,185.127.30.188
387,Manolo,Glentworth,mglentworthaq@tiny.cc,Male,183.32.51.184
388,Web,Tew,wtewar@state.gov,Male,226.30.131.193
389,Hardy,Hagan,hhaganas@gov.uk,Male,95.165.175.16
390,Chevalier,De Meyer,cdemeyerat@smugmug.com,Male,113.55.48.73
391,Sheppard,Frodsham,sfrodshamau@mashable.com,Male,54.61.172.203
392,Talbert,Chantler,tchantlerav@goo.ne.jp,Male,171.47.107.115
393,Kerry,Stiggers,kstiggersaw@skype.com,Male,2.29.112.174
394,Krystyna,Menis,kmenisax@sakura.ne.jp,Female,210.88.152.35
395,Kamilah,McKelloch,kmckellochay@amazon.co.jp,Genderfluid,64.9.208.157
396,Chad,Brookhouse,cbrookhouseaz@hud.gov,Male,24.32.66.108
397,Tootsie,Cadwallader,tcadwalladerb0@statcounter.com,Female,44.142.116.125
398,Ivar,Trewin,itrewinb1@redcross.org,Male,6.163.76.191
399,Karlyn,Guerro,kguerrob2@furl.net,Female,6.153.23.97
400,Ardyth,Einchcombe,aeinchcombeb3@youtu.be,Agender,140.253.177.21
401,Prent,Philcott,pphilcottb4@clickbank.net,Male,98.228.185.210
402,Shandee,Hartfield,shartfieldb5@paypal.com,Female,160.14.172.95
403,Carlin,Emps,cempsb6@archive.org,Female,36.61.102.53
404,Lib,Warricker,lwarrickerb7@canalblog.com,Female,116.96.183.90
405,Irene,Quogan,iquoganb8@washingtonpost.com,Female,41.240.6.220
406,Magdalen,Balham,mbalhamb9@amazon.com,Female,161.175.11.126
407,Elane,Gunn,egunnba@vinaora.com,Female,159.92.72.3
408,Paul,Hinrichs,phinrichsbb@drupal.org,Male,126.182.131.18
409,Towney,Cheal,tchealbc@umn.edu,Male,255.119.118.62
410,Geoffry,Ourry,gourrybd@shinystat.com,Male,192.120.145.248
411,Bunni,MacPaike,bmacpaikebe@dailymail.co.uk,Female,8.35.49.138
412,Talya,Brokenshaw,tbrokenshawbf@dropbox.com,Female,11.192.249.18
413,Harp,Kynson,hkynsonbg@infoseek.co.jp,Male,181.100.188.190
414,Winn,Santon,wsantonbh@sohu.com,Male,106.202.205.198
415,Celestyn,Horley,chorleybi@skype.com,Female,71.78.155.27
416,Caterina,Wabersich,cwabersichbj@state.tx.us,Female,169.201.178.187
417,Cary,Leonardi,cleonardibk@google.co.jp,Polygender,228.9.98.39
418,Obed,Androsik,oandrosikbl@360.cn,Male,90.86.66.170
419,Lindsey,Hedin,lhedinbm@independent.co.uk,Genderqueer,188.177.21.141
420,Reagen,Dailey,rdaileybn@devhub.com,Male,183.13.37.145
421,Bar,Seifert,bseifertbo@theatlantic.com,Male,225.129.199.36
422,Shurlock,Santhouse,ssanthousebp@ucoz.com,Male,169.178.153.19
423,Quentin,Morstatt,qmorstattbq@newyorker.com,Male,43.211.27.153
424,Netty,Tichelaar,ntichelaarbr@umich.edu,Female,122.102.88.62
425,Damon,Philipot,dphilipotbs@tiny.cc,Male,28.21.188.15
426,Craggy,Haill,chaillbt@arstechnica.com,Male,21.171.87.43
427,Grange,Hanster,ghansterbu@csmonitor.com,Male,207.24.210.217
428,Elijah,Isaac,eisaacbv@opensource.org,Male,236.1.127.167
429,Ciro,Irvine,cirvinebw@webnode.com,Bigender,56.30.228.225
430,Dona,Strickler,dstricklerbx@w3.org,Female,24.51.70.17
431,Yehudi,Plunket,yplunketby@wordpress.com,Male,153.141.215.33
432,Zachery,Skettles,zskettlesbz@alibaba.com,Male,250.153.113.149
433,Janessa,McIlwraith,jmcilwraithc0@cdbaby.com,Female,54.8.129.248
434,Flemming,Wardall,fwardallc1@yelp.com,Agender,195.230.209.206
435,Reese,Tebbet,rtebbetc2@hud.gov,Male,10.144.155.233
436,Carolynn,Bewsey,cbewseyc3@bigcartel.com,Female,176.73.64.235
437,Fletcher,Libbis,flibbisc4@amazonaws.com,Male,202.95.145.70
438,Lettie,Gravett,lgravettc5@google.com.hk,Female,116.77.91.247
439,Stacy,Keele,skeelec6@jigsy.com,Female,231.175.28.203
440,Gerri,Haygreen,ghaygreenc7@163.com,Male,22.143.68.188
441,Kristo,Shotboulte,kshotboultec8@japanpost.jp,Male,126.133.66.182
442,Briana,Algate,balgatec9@businesswire.com,Female,252.76.129.83
443,Sal,Rushman,srushmanca@comcast.net,Genderqueer,3.206.117.237
444,Esmeralda,Mougeot,emougeotcb@wp.com,Female,221.183.100.233
445,Maude,Kinder,mkindercc@theguardian.com,Female,123.191.110.208
446,Mayne,Reaper,mreapercd@jiathis.com,Male,130.201.48.159
447,Aurel,Robiot,arobiotce@wp.com,Female,135.66.228.13
448,Dasha,Tindall,dtindallcf@freewebs.com,Female,81.204.161.77
449,Drucie,Deble,ddeblecg@noaa.gov,Female,26.202.221.244
450,Bron,Yakhin,byakhinch@amazon.com,Male,71.164.167.56
451,Lenette,Scotter,lscotterci@npr.org,Female,248.55.78.14
452,Gianina,Pomery,gpomerycj@businesswire.com,Female,63.172.244.204
453,Felipe,Butterwick,fbutterwickck@ibm.com,Male,22.5.120.92
454,Silvio,Basten,sbastencl@si.edu,Genderfluid,32.123.231.196
455,Jandy,Hoovart,jhoovartcm@ocn.ne.jp,Female,152.183.121.93
456,Vonnie,Hawkwood,vhawkwoodcn@wikipedia.org,Female,222.194.235.218
457,Alexandr,Absolem,aabsolemco@quantcast.com,Genderqueer,41.117.196.34
458,York,Brabban,ybrabbancp@deviantart.com,Male,147.48.203.38
459,Deb,Durden,ddurdencq@example.com,Female,52.213.231.92
460,Raffarty,Mullineux,rmullineuxcr@blogs.com,Male,191.144.13.13
461,Maure,Peel,mpeelcs@wikipedia.org,Female,80.198.139.156
462,Phedra,Easterbrook,peasterbrookct@bloglovin.com,Female,171.13.53.107
463,Sileas,Sutch,ssutchcu@vistaprint.com,Female,228.52.120.172
464,Camila,Savine,csavinecv@macromedia.com,Female,67.217.72.194
465,Leann,Matheson,lmathesoncw@friendfeed.com,Female,183.1.215.238
466,Abbey,Cutforth,acutforthcx@wix.com,Female,64.161.99.136
467,Harwell,Diggens,hdiggenscy@youku.com,Male,9.45.140.0
468,Jerrold,Ledgard,jledgardcz@umich.edu,Male,112.215.44.67
469,Dode,Turone,dturoned0@bing.com,Female,30.12.209.68
470,Marieann,Rizzone,mrizzoned1@zimbio.com,Genderfluid,232.152.228.38
471,Hadleigh,O'Hartnedy,hohartnedyd2@utexas.edu,Male,221.122.15.216
472,Lorry,Neeve,lneeved3@elpais.com,Female,240.194.185.8
473,Adora,Bazell,abazelld4@ameblo.jp,Female,126.252.218.78
474,Garrett,Caps,gcapsd5@4shared.com,Male,139.30.190.74
475,Lura,Paschek,lpaschekd6@ucsd.edu,Female,209.91.74.191
476,Dalenna,Kohrding,dkohrdingd7@1und1.de,Female,119.215.234.236
477,Ty,Cleator,tcleatord8@amazon.co.jp,Male,157.15.19.12
478,Alejandro,Bellfield,abellfieldd9@oakley.com,Male,124.224.155.46
479,Base,Ilyuchyov,bilyuchyovda@webeden.co.uk,Male,151.216.125.136
480,Thorin,Leat,tleatdb@google.co.jp,Male,100.149.145.98
481,Oralia,Borzoni,oborzonidc@jugem.jp,Female,13.16.24.48
482,Georgeanna,Muckle,gmuckledd@chronoengine.com,Bigender,92.171.30.157
483,Evan,Edgley,eedgleyde@sakura.ne.jp,Male,248.121.171.252
484,Reyna,Acock,racockdf@twitter.com,Female,115.178.80.240
485,Sarita,Peppard,spepparddg@ucsd.edu,Female,167.163.194.18
486,Benjy,Aisbett,baisbettdh@umn.edu,Male,206.207.72.165
487,Alley,Pelfer,apelferdi@twitpic.com,Male,63.176.161.3
488,Laurianne,Mallord,lmallorddj@trellian.com,Female,199.213.18.11
489,Rafi,Bearne,rbearnedk@salon.com,Male,184.145.45.39
490,Alphonse,Leppingwell,aleppingwelldl@berkeley.edu,Male,159.189.188.211
491,Guilbert,Adamek,gadamekdm@privacy.gov.au,Male,150.77.246.192
492,Frank,Pantridge,fpantridgedn@jiathis.com,Polygender,97.161.185.105
493,Elie,Sanderson,esandersondo@meetup.com,Female,51.40.187.76
494,Jessamyn,McMeyler,jmcmeylerdp@vinaora.com,Female,21.240.224.79
495,Giacomo,Hollier,ghollierdq@amazon.com,Male,50.239.8.35
496,Samuel,Grimwad,sgrimwaddr@google.it,Genderfluid,248.214.58.176
497,Tod,Stockin,tstockinds@mtv.com,Male,148.137.202.210
498,Annaliese,Treasure,atreasuredt@army.mil,Female,215.135.130.158
499,Zuzana,Jarrold,zjarrolddu@godaddy.com,Female,82.64.6.145
500,Isidoro,Dumphrey,idumphreydv@mtv.com,Male,160.73.118.224
501,Karyl,Seeviour,kseeviourdw@china.com.cn,Female,79.191.40.112
502,Stanleigh,Cristofari,scristofaridx@about.me,Male,93.136.118.21
503,Winifred,Wilderspoon,wwilderspoondy@wordpress.com,Female,133.249.240.130
504,Sheila-kathryn,Pranger,sprangerdz@typepad.com,Female,212.6.247.43
505,Brigida,Summerton,bsummertone0@cnbc.com,Female,66.8.201.248
506,Denis,Sealy,dsealye1@howstuffworks.com,Male,152.162.37.230
507,Caryl,Mapledoram,cmapledorame2@redcross.org,Male,62.35.222.121
508,Fons,Huxstep,fhuxstepe3@yandex.ru,Male,247.33.103.23
509,Filip,Serle,fserlee4@cnet.com,Male,194.59.181.188
510,Jonis,Gerrans,jgerranse5@discuz.net,Female,171.134.117.239
511,Cecilia,Rougier,crougiere6@umich.edu,Non-binary,86.28.104.215
512,Grazia,Gritten,ggrittene7@sogou.com,Female,13.103.56.211
513,Cirillo,Gane,cganee8@cam.ac.uk,Male,254.162.66.59
514,Cherlyn,Domotor,cdomotore9@jugem.jp,Female,128.72.42.156
515,Birk,Eaves,beavesea@artisteer.com,Male,100.27.122.177
516,Derrek,Meek,dmeekeb@mapy.cz,Male,179.93.153.29
517,Lou,Longhi,llonghiec@macromedia.com,Male,191.230.37.190
518,Abbie,Mains,amainsed@house.gov,Female,39.58.151.83
519,Fonsie,Hanna,fhannaee@prlog.org,Male,65.9.136.165
520,Gustavo,Lindeman,glindemanef@sphinn.com,Male,92.165.115.187
521,Adoree,Djokic,adjokiceg@epa.gov,Female,227.166.2.2
522,Morley,Gyngyll,mgyngylleh@alibaba.com,Male,129.65.102.87
523,Hyacinthia,Kimpton,hkimptonei@sina.com.cn,Female,161.199.231.15
524,Breena,Tither,btitherej@arstechnica.com,Female,109.117.19.209
525,Wayne,Congreve,wcongreveek@upenn.edu,Male,207.228.227.61
526,Alaine,Olney,aolneyel@comcast.net,Female,163.239.64.79
527,Julie,Cammomile,jcammomileem@networksolutions.com,Male,231.64.217.19
528,Luther,Yelden,lyeldenen@edublogs.org,Male,160.127.42.44
529,Keven,Devlin,kdevlineo@ihg.com,Male,113.168.135.34
530,Uri,Locard,ulocardep@joomla.org,Male,93.179.231.185
531,Hamid,Brittles,hbrittleseq@youtube.com,Male,251.214.144.112
532,Jessie,Delahunt,jdelahunter@oaic.gov.au,Agender,90.102.9.253
533,Diannne,Schukert,dschukertes@networksolutions.com,Female,182.58.54.21
534,Rog,Curwood,rcurwoodet@phpbb.com,Non-binary,21.49.182.9
535,Marilee,Lowen,mloweneu@rediff.com,Female,127.247.56.235
536,Didi,Vatcher,dvatcherev@walmart.com,Genderfluid,42.233.29.214
537,Joella,Goady,jgoadyew@redcross.org,Female,186.188.27.25
538,Kaycee,Bryden,kbrydenex@cmu.edu,Agender,39.156.131.112
539,Rudolfo,Lethebridge,rlethebridgeey@cbc.ca,Male,83.61.177.178
540,Benni,Lilly,blillyez@discovery.com,Female,124.63.110.198
541,Aeriell,Keig,akeigf0@imageshack.us,Genderqueer,228.113.130.218
542,Bevan,Smurfitt,bsmurfittf1@gravatar.com,Male,85.48.111.134
543,Eulalie,Spedroni,espedronif2@51.la,Female,41.150.96.84
544,Sydel,Kibbee,skibbeef3@mac.com,Female,137.70.68.11
545,Smitty,Powton,spowtonf4@nbcnews.com,Male,88.245.24.138
546,Hewie,Mabson,hmabsonf5@dion.ne.jp,Male,195.230.120.13
547,Bennett,Lelievre,blelievref6@businessinsider.com,Male,151.51.38.66
548,Kaspar,Bille,kbillef7@narod.ru,Male,165.2.87.30
549,Terrel,Muzzlewhite,tmuzzlewhitef8@fc2.com,Male,55.68.64.83
550,Skipper,Bulley,sbulleyf9@imdb.com,Male,3.223.229.81
551,Cart,Lettice,cletticefa@deviantart.com,Male,197.232.40.113
552,Bartel,Kohrs,bkohrsfb@vinaora.com,Male,101.25.84.32
553,Randy,Windley,rwindleyfc@nifty.com,Male,200.75.23.65
554,Rodina,Rosgen,rrosgenfd@utexas.edu,Female,101.72.216.36
555,Ethelin,Trill,etrillfe@tripadvisor.com,Bigender,206.254.242.89
556,Dicky,McClaughlin,dmcclaughlinff@theatlantic.com,Male,143.246.143.120
557,Carlota,Lockner,clocknerfg@cisco.com,Female,102.253.250.181
558,Natal,McLeary,nmclearyfh@a8.net,Male,110.193.7.81
559,Barry,Kolczynski,bkolczynskifi@drupal.org,Female,83.134.18.157
560,Sunshine,Rikkard,srikkardfj@cam.ac.uk,Female,246.1.57.211
561,Dmitri,Comini,dcominifk@tamu.edu,Male,119.164.255.211
562,Hinze,Richings,hrichingsfl@themeforest.net,Male,136.172.207.45
563,Dinah,Bradbury,dbradburyfm@oaic.gov.au,Female,56.152.11.3
564,Darb,Hilhouse,dhilhousefn@themeforest.net,Male,124.161.196.160
565,Zerk,Waker,zwakerfo@about.me,Male,123.189.163.250
566,Viv,Lombardo,vlombardofp@hc360.com,Female,77.115.9.212
567,Guido,Jubb,gjubbfq@istockphoto.com,Male,118.161.253.235
568,Lana,Whitfield,lwhitfieldfr@example.com,Female,29.20.0.211
569,Rachele,Buckley,rbuckleyfs@163.com,Female,75.218.84.91
570,Korella,Rockhill,krockhillft@quantcast.com,Female,121.130.180.75
571,Milo,Buye,mbuyefu@google.nl,Male,214.200.15.31
572,Kiley,Tate,ktatefv@nationalgeographic.com,Male,23.200.251.147
573,Adler,Sherry,asherryfw@engadget.com,Male,123.175.28.199
574,Hyacinthie,Borres,hborresfx@telegraph.co.uk,Agender,66.221.192.88
575,Lesli,Nansom,lnansomfy@nationalgeographic.com,Female,1.98.207.42
576,Moses,Roxby,mroxbyfz@twitpic.com,Male,196.233.246.38
577,Marie-ann,Purkiss,mpurkissg0@apache.org,Female,146.81.43.82
578,Brice,Cobain,bcobaing1@list-manage.com,Male,57.203.1.148
579,Paco,Dunbabin,pdunbabing2@ucsd.edu,Male,79.92.148.50
580,Loutitia,Coote,lcooteg3@hostgator.com,Female,67.150.112.226
581,Bradney,Osban,bosbang4@google.co.jp,Male,146.63.32.69
582,Del,Hodge,dhodgeg5@w3.org,Female,40.223.173.70
583,Brenden,Symson,bsymsong6@liveinternet.ru,Male,126.108.130.204
584,Angelle,Issac,aissacg7@networkadvertising.org,Female,0.76.217.228
585,Ceciley,Reolfo,creolfog8@e-recht24.de,Female,237.55.118.167
586,Frazier,Conner,fconnerg9@buzzfeed.com,Male,184.190.204.83
587,Susana,Heyfield,sheyfieldga@indiegogo.com,Agender,42.244.206.183
588,Xavier,Bruckman,xbruckmangb@myspace.com,Male,215.137.146.132
589,Norbie,Jossel,njosselgc@google.com.hk,Male,21.107.112.94
590,Derek,Rabbe,drabbegd@geocities.com,Male,247.205.150.25
591,Magdalene,Gillibrand,mgillibrandge@t-online.de,Polygender,110.152.47.247
592,Charmaine,Ilem,cilemgf@apple.com,Female,70.8.68.12
593,Lisette,Geertje,lgeertjegg@apple.com,Bigender,151.53.7.98
594,Claudelle,Malatalant,cmalatalantgh@e-recht24.de,Female,0.228.30.207
595,Gardy,Kenwrick,gkenwrickgi@phpbb.com,Male,115.9.145.106
596,Woodman,Fenby,wfenbygj@slate.com,Male,243.221.3.195
597,Lynnelle,Satterlee,lsatterleegk@w3.org,Female,36.98.193.206
598,Sheilakathryn,Nibley,snibleygl@multiply.com,Female,73.85.47.111
599,Alanah,Izakovitz,aizakovitzgm@reference.com,Female,51.109.75.191
600,Torie,Swadlin,tswadlingn@infoseek.co.jp,Female,5.96.29.23
601,Shirleen,Goodered,sgooderedgo@apache.org,Female,110.250.23.209
602,Eve,Mc Corley,emccorleygp@cisco.com,Female,183.211.229.122
603,Dannye,Demcak,ddemcakgq@bloglines.com,Female,0.255.143.187
604,Angel,Delos,adelosgr@buzzfeed.com,Male,129.204.135.188
605,Jobi,Edgson,jedgsongs@cbslocal.com,Agender,62.112.164.206
606,Page,Cohan,pcohangt@engadget.com,Male,207.138.56.53
607,Marcos,Rosenvasser,mrosenvassergu@123-reg.co.uk,Male,29.84.178.156
608,Gerardo,Farbrace,gfarbracegv@shutterfly.com,Male,202.63.41.204
609,Jodi,Raftery,jrafterygw@sourceforge.net,Genderqueer,190.26.64.99
610,Mela,Gergolet,mgergoletgx@google.com.br,Female,182.134.122.189
611,Vittoria,Dobell,vdobellgy@unesco.org,Female,238.237.212.68
612,Tate,Yarnton,tyarntongz@blogs.com,Male,167.248.97.39
613,Ulrick,Selwin,uselwinh0@networksolutions.com,Polygender,50.41.109.253
614,Marlowe,Horbath,mhorbathh1@skyrock.com,Male,84.135.88.51
615,Hobard,Ivanenko,hivanenkoh2@tiny.cc,Male,126.197.26.46
616,Edward,Noury,enouryh3@chron.com,Male,124.221.160.111
617,Mort,Shilstone,mshilstoneh4@noaa.gov,Male,53.232.209.132
618,Babbie,Surridge,bsurridgeh5@noaa.gov,Female,234.62.110.159
619,Fina,Langthorne,flangthorneh6@newsvine.com,Female,74.201.108.148
620,Elinor,Daunter,edaunterh7@soup.io,Female,97.185.93.193
621,Desirae,Reder,drederh8@google.it,Female,62.250.242.123
622,Bjorn,Burbank,bburbankh9@xinhuanet.com,Male,12.112.215.115
623,Marita,Padden,mpaddenha@census.gov,Female,199.98.157.86
624,Fabien,Elder,felderhb@alexa.com,Agender,177.47.156.80
625,Magdalene,Kiehnlt,mkiehnlthc@nsw.gov.au,Female,185.189.35.195
626,Robbie,Luckwell,rluckwellhd@over-blog.com,Male,158.55.73.21
627,Jaimie,Hyams,jhyamshe@salon.com,Female,131.131.34.207
628,Shellysheldon,Fellibrand,sfellibrandhf@washingtonpost.com,Male,43.55.55.0
629,Bobbee,Rosenstiel,brosenstielhg@discovery.com,Female,44.37.157.184
630,Denna,Gretham,dgrethamhh@vimeo.com,Female,190.161.32.159
631,Minni,Cereceres,mcerecereshi@redcross.org,Female,52.206.94.52
632,Bern,Shepstone,bshepstonehj@github.io,Male,70.212.195.6
633,Yasmin,Gibke,ygibkehk@feedburner.com,Female,21.52.122.5
634,Francklin,Roarty,froartyhl@smh.com.au,Male,214.254.247.230
635,Tessi,Pidduck,tpidduckhm@cbc.ca,Female,244.247.238.153
636,Erv,Sherr,esherrhn@economist.com,Male,76.148.35.71
637,Rudyard,Rosiello,rrosielloho@bigcartel.com,Male,131.193.53.93
638,Skipp,Eppson,seppsonhp@t.co,Male,224.71.183.203
639,Consalve,MacGow,cmacgowhq@netlog.com,Male,112.236.65.25
640,Branden,Salack,bsalackhr@dailymotion.com,Male,71.220.187.255
641,Mahalia,Gritsunov,mgritsunovhs@bing.com,Female,197.33.54.14
642,Starla,Duerden,sduerdenht@nasa.gov,Female,58.98.216.26
643,Mead,Orrett,morretthu@hud.gov,Non-binary,174.41.96.118
644,Dirk,Haggath,dhaggathhv@army.mil,Male,108.50.117.13
645,Les,Gaenor,lgaenorhw@storify.com,Polygender,22.230.66.212
646,Sapphire,Yeowell,syeowellhx@netscape.com,Female,15.72.237.86
647,Bradan,Bingall,bbingallhy@google.ru,Male,6.110.243.38
648,Gaylene,McNutt,gmcnutthz@topsy.com,Female,164.10.226.107
649,Shaw,Cornuau,scornuaui0@163.com,Male,50.159.175.13
650,Lilith,Budgett,lbudgetti1@tripadvisor.com,Genderfluid,221.23.109.133
651,Corene,Pastor,cpastori2@facebook.com,Female,214.18.18.91
652,Andre,Grahame,agrahamei3@samsung.com,Male,83.152.192.213
653,Gui,Pieracci,gpieraccii4@ezinearticles.com,Female,155.131.212.54
654,Candra,Waterdrinker,cwaterdrinkeri5@usgs.gov,Female,143.13.255.101
655,Maxim,Hought,mhoughti6@thetimes.co.uk,Male,55.91.100.170
656,Normy,Rosenboim,nrosenboimi7@usatoday.com,Male,246.84.48.25
657,Lorenzo,Delgua,ldelguai8@yahoo.com,Male,185.170.138.159
658,Meier,Luca,mlucai9@wired.com,Male,77.64.102.20
659,Wilhelmine,Kelshaw,wkelshawia@upenn.edu,Female,163.192.171.244
660,Hillier,Assad,hassadib@un.org,Male,48.220.56.105
661,Tamarra,Kilbey,tkilbeyic@topsy.com,Female,57.24.54.69
662,Freeman,Vicar,fvicarid@weather.com,Male,112.82.237.243
663,Benji,Polland,bpollandie@plala.or.jp,Male,70.176.13.9
664,Lura,McKernon,lmckernonif@paginegialle.it,Female,54.237.109.138
665,Homere,Goby,hgobyig@usatoday.com,Male,61.99.237.171
666,Petunia,McMillian,pmcmillianih@sogou.com,Female,117.126.250.173
667,Clotilda,Ferrey,cferreyii@fema.gov,Female,117.177.5.169
668,Clair,O'Gready,cogreadyij@rambler.ru,Female,98.197.130.37
669,Butch,Dami,bdamiik@vimeo.com,Male,213.210.83.221
670,Alicea,Hasel,ahaselil@ow.ly,Female,196.0.197.37
671,Nelly,Isbell,nisbellim@disqus.com,Female,147.197.155.122
672,Arielle,Blune,ablunein@springer.com,Female,95.20.143.226
673,Alano,Sawnwy,asawnwyio@bizjournals.com,Male,160.132.162.116
674,Hartwell,Coultas,hcoultasip@topsy.com,Male,137.169.42.205
675,Vasily,Beteriss,vbeterissiq@epa.gov,Male,213.219.225.222
676,Garrot,Frigot,gfrigotir@nsw.gov.au,Male,238.178.154.247
677,Brittni,Tregea,btregeais@redcross.org,Female,35.254.179.153
678,Lauretta,Keyhoe,lkeyhoeit@adobe.com,Genderfluid,105.212.41.70
679,Quintus,Tappin,qtappiniu@geocities.com,Male,230.194.139.234
680,Nada,Petrozzi,npetrozziiv@buzzfeed.com,Bigender,116.147.221.16
681,Wynn,Sharper,wsharperiw@nbcnews.com,Male,51.23.32.26
682,Itch,Rau,irauix@blogger.com,Male,247.213.109.92
683,Petronilla,Stainland,pstainlandiy@wunderground.com,Female,211.121.197.123
684,Peterus,Pratchett,ppratchettiz@slideshare.net,Bigender,2.199.55.246
685,Amalia,Rosellini,arosellinij0@about.com,Female,211.115.96.220
686,Moises,Sebyer,msebyerj1@java.com,Male,66.255.151.245
687,Natty,Stratz,nstratzj2@twitter.com,Female,189.189.195.58
688,Abie,Monnery,amonneryj3@chron.com,Male,39.44.206.30
689,Michel,Healks,mhealksj4@fastcompany.com,Male,215.131.129.139
690,Blondie,Joret,bjoretj5@clickbank.net,Female,47.103.10.190
691,Candace,Bee,cbeej6@ebay.com,Agender,229.255.252.195
692,Luis,Fend,lfendj7@privacy.gov.au,Male,59.171.4.137
693,Richmond,Dundredge,rdundredgej8@so-net.ne.jp,Male,131.54.227.252
694,Kerianne,Sedgmond,ksedgmondj9@google.de,Female,71.72.44.153
695,Jasen,Carlino,jcarlinoja@hc360.com,Male,230.25.93.58
696,Tiff,Mowsley,tmowsleyjb@123-reg.co.uk,Female,195.216.127.6
697,Dare,Ellcock,dellcockjc@vk.com,Male,136.242.248.242
698,Elfie,Upson,eupsonjd@sfgate.com,Non-binary,143.205.25.19
699,Milzie,Bowich,mbowichje@cafepress.com,Female,15.164.54.143
700,Lief,Creevy,lcreevyjf@bbc.co.uk,Male,148.79.113.142
701,Gus,Comazzo,gcomazzojg@geocities.jp,Female,33.208.221.64
702,Adelina,Badam,abadamjh@wisc.edu,Female,73.163.128.96
703,Zak,Lampett,zlampettji@ycombinator.com,Male,189.151.153.74
704,Iolanthe,Filyakov,ifilyakovjj@chron.com,Female,70.148.16.226
705,Buckie,Chadd,bchaddjk@biblegateway.com,Male,31.4.18.108
706,Sawyer,Summerlad,ssummerladjl@economist.com,Male,41.252.49.126
707,Minette,Bate,mbatejm@discovery.com,Female,5.43.174.218
708,Nata,Josh,njoshjn@deliciousdays.com,Female,91.82.193.193
709,Celinda,Millership,cmillershipjo@springer.com,Female,67.96.57.182
710,Tremaine,Temlett,ttemlettjp@ebay.com,Male,27.84.114.149
711,Elyssa,Moorhead,emoorheadjq@tumblr.com,Female,10.252.28.224
712,Abie,Filson,afilsonjr@marriott.com,Male,255.0.29.95
713,Corri,Popplestone,cpopplestonejs@ox.ac.uk,Female,146.194.209.135
714,Chrysa,Bulfit,cbulfitjt@biblegateway.com,Female,21.154.238.243
715,Jard,Brislane,jbrislaneju@themeforest.net,Male,238.84.50.64
716,Pamela,Chanter,pchanterjv@dell.com,Female,132.31.169.119
717,Isidore,Tandy,itandyjw@wunderground.com,Male,126.171.118.227
718,Daisie,Elphick,delphickjx@yelp.com,Female,24.58.242.176
719,Del,Mabson,dmabsonjy@pagesperso-orange.fr,Male,137.216.253.57
720,Clarence,Fitzsimon,cfitzsimonjz@wsj.com,Male,249.246.44.17
721,Lainey,Wevell,lwevellk0@delicious.com,Female,75.224.92.44
722,Shalne,Rochell,srochellk1@amazon.de,Female,109.98.240.12
723,Tonya,Greiswood,tgreiswoodk2@dmoz.org,Genderfluid,126.5.215.101
724,Marlyn,Vreiberg,mvreibergk3@zdnet.com,Female,82.89.69.105
725,Amabel,Laughlin,alaughlink4@epa.gov,Female,153.50.42.81
726,Trudey,Poser,tposerk5@shinystat.com,Female,89.67.90.56
727,Tades,Tuson,ttusonk6@symantec.com,Male,71.115.23.44
728,Giorgia,Gentil,ggentilk7@discovery.com,Female,191.73.179.130
729,Blane,Ash,bashk8@scientificamerican.com,Male,208.138.156.44
730,Liane,Maylour,lmaylourk9@g.co,Female,178.165.243.34
731,Kenna,Shephard,kshephardka@howstuffworks.com,Polygender,10.58.32.174
732,Pier,Galpin,pgalpinkb@addtoany.com,Female,204.236.191.235
733,Gregoire,Waszczyk,gwaszczykkc@php.net,Male,116.251.92.111
734,Lorrie,Watters,lwatterskd@chronoengine.com,Female,212.63.28.211
735,Tyson,Rubke,trubkeke@statcounter.com,Male,151.88.248.183
736,Kit,Boxall,kboxallkf@eventbrite.com,Female,238.203.147.35
737,Ramsay,Pache,rpachekg@smugmug.com,Polygender,163.6.211.142
738,Arabella,Vines,avineskh@ftc.gov,Female,92.252.157.46
739,Barr,Skamal,bskamalki@foxnews.com,Male,248.62.125.201
740,Reggie,Hornung,rhornungkj@nasa.gov,Male,146.248.45.255
741,Flynn,Bensen,fbensenkk@blinklist.com,Male,61.168.220.190
742,Shani,Macci,smaccikl@auda.org.au,Female,137.178.170.216
743,Marcus,Mossbee,mmossbeekm@virginia.edu,Male,226.12.149.185
744,Wilt,Tabbernor,wtabbernorkn@blogger.com,Male,79.197.155.99
745,Carlie,Buffham,cbuffhamko@illinois.edu,Genderfluid,128.236.97.79
746,Rouvin,Szymanzyk,rszymanzykkp@ed.gov,Male,230.172.75.20
747,Gibbie,Farrer,gfarrerkq@themeforest.net,Male,118.71.166.131
748,Roanna,Upjohn,rupjohnkr@discovery.com,Bigender,42.146.75.196
749,Xerxes,Sealy,xsealyks@dagondesign.com,Male,255.126.148.26
750,Kerry,Desouza,kdesouzakt@fc2.com,Female,136.210.15.117
751,Mattheus,Iacavone,miacavoneku@craigslist.org,Male,99.255.69.232
752,Mae,Ouldcott,mouldcottkv@lulu.com,Female,204.43.121.121
753,Sallie,McSweeney,smcsweeneykw@chron.com,Female,203.116.231.165
754,Roseline,Margerison,rmargerisonkx@google.co.jp,Female,233.168.35.6
755,Norton,Patershall,npatershallky@globo.com,Male,115.182.234.2
756,Rosella,Duffer,rdufferkz@biglobe.ne.jp,Female,243.177.96.137
757,Currie,Hemstead,chemsteadl0@live.com,Male,33.14.142.59
758,Vinny,Crebbin,vcrebbinl1@dropbox.com,Male,64.110.11.200
759,Emmit,Collingwood,ecollingwoodl2@bbc.co.uk,Agender,30.141.20.236
760,Nadiya,Faltin,nfaltinl3@pcworld.com,Female,82.201.175.85
761,Dewey,Mabee,dmabeel4@google.ru,Male,231.141.52.15
762,Dunn,Darmody,ddarmodyl5@php.net,Male,44.171.37.112
763,Nolana,Gatheridge,ngatheridgel6@shop-pro.jp,Female,241.27.103.129
764,Loria,Killgus,lkillgusl7@meetup.com,Bigender,135.189.121.247
765,Caspar,Sommerly,csommerlyl8@tinyurl.com,Male,222.32.202.132
766,Christel,Mantram,cmantraml9@boston.com,Female,85.95.6.153
767,Lorilyn,Heady,lheadyla@bloglines.com,Female,70.38.225.26
768,Hugh,Beswick,hbeswicklb@census.gov,Male,87.168.32.13
769,Harper,Roadknight,hroadknightlc@feedburner.com,Male,170.6.121.54
770,Laurene,Ratt,lrattld@wired.com,Female,237.239.51.211
771,Elisha,Lowres,elowresle@google.com.hk,Female,212.82.246.236
772,Saidee,Ahrenius,sahreniuslf@tripod.com,Genderqueer,205.189.142.127
773,Ruddy,Ivanchikov,rivanchikovlg@tuttocitta.it,Male,26.9.134.133
774,Whitby,Koppel,wkoppellh@fema.gov,Male,191.135.94.61
775,Bordie,Conybear,bconybearli@discuz.net,Male,11.133.221.178
776,Marabel,Fenemore,mfenemorelj@huffingtonpost.com,Female,122.183.36.177
777,Elberta,Pletts,eplettslk@springer.com,Female,211.65.245.62
778,Nial,Richings,nrichingsll@typepad.com,Male,70.147.194.39
779,Herschel,Houseman,hhousemanlm@umich.edu,Male,133.105.237.35
780,Rebbecca,Adamec,radamecln@ebay.com,Female,186.51.170.107
781,Jasmine,Wileman,jwilemanlo@tinypic.com,Female,235.120.221.135
782,Mei,Smead,msmeadlp@spiegel.de,Female,48.236.82.237
783,Winnah,Oldknowe,woldknowelq@forbes.com,Agender,209.231.246.16
784,Anabel,Armitt,aarmittlr@foxnews.com,Female,193.54.238.82
785,Bradford,Haywood,bhaywoodls@hhs.gov,Male,128.165.50.55
786,Garrard,Milmore,gmilmorelt@bravesites.com,Male,90.17.64.42
787,Roselin,Ajam,rajamlu@nhs.uk,Female,49.253.60.192
788,Floria,Kirckman,fkirckmanlv@springer.com,Polygender,43.210.136.104
789,Milton,Arbor,marborlw@gnu.org,Male,223.38.163.50
790,Dorise,Hitscher,dhitscherlx@nydailynews.com,Female,206.0.134.173
791,Jameson,McKibbin,jmckibbinly@apple.com,Male,183.171.44.74
792,Alwin,Duckfield,aduckfieldlz@miitbeian.gov.cn,Male,61.141.8.133
793,Taylor,Neilan,tneilanm0@admin.ch,Male,64.127.13.199
794,Roobbie,Cutchey,rcutcheym1@army.mil,Female,38.77.83.58
795,Alena,Ritchings,aritchingsm2@weebly.com,Genderqueer,131.66.51.74
796,Cynthea,Moen,cmoenm3@fema.gov,Genderqueer,236.254.166.51
797,Lizette,Jeffes,ljeffesm4@mtv.com,Female,67.131.70.109
798,Saxon,Mangeney,smangeneym5@wix.com,Male,106.6.178.212
799,Hadrian,Lanigan,hlaniganm6@purevolume.com,Male,180.113.121.192
800,Temple,Winterbotham,twinterbothamm7@discovery.com,Male,100.201.69.89
801,Liane,Swindon,lswindonm8@icio.us,Female,120.133.14.141
802,Clarita,Franzoli,cfranzolim9@nifty.com,Female,111.121.119.39
803,Emmalynne,Meenan,emeenanma@4shared.com,Female,51.155.34.92
804,Beth,Checklin,bchecklinmb@i2i.jp,Female,27.14.144.199
805,Shelby,Cranfield,scranfieldmc@behance.net,Male,86.102.1.152
806,Estel,Milstead,emilsteadmd@engadget.com,Polygender,201.168.53.154
807,Brod,Bukowski,bbukowskime@washington.edu,Male,164.194.125.228
808,Kale,Hargitt,khargittmf@mapy.cz,Male,29.209.155.239
809,Norina,Snartt,nsnarttmg@sina.com.cn,Female,225.251.42.23
810,Ferne,McBryde,fmcbrydemh@usa.gov,Female,225.187.145.27
811,Gilligan,Gibben,ggibbenmi@delicious.com,Female,53.79.66.2
812,Mellisa,Eddy,meddymj@princeton.edu,Female,2.57.74.22
813,Stanislaus,Pirelli,spirellimk@youtu.be,Male,151.122.52.154
814,Mickey,de Marco,mdemarcoml@hud.gov,Male,245.53.143.92
815,Jeromy,Cocklie,jcockliemm@ftc.gov,Male,237.143.190.253
816,Valdemar,Lantiffe,vlantiffemn@google.co.uk,Male,155.40.6.47
817,Jacki,Jeffryes,jjeffryesmo@wikipedia.org,Female,77.209.55.168
818,Cliff,Mimmack,cmimmackmp@discovery.com,Male,225.14.214.171
819,Evangelina,Milward,emilwardmq@wikispaces.com,Non-binary,114.29.58.255
820,Coreen,McQuaid,cmcquaidmr@livejournal.com,Female,91.121.26.10
821,Nickola,Adrian,nadrianms@i2i.jp,Male,201.234.109.99
822,Tucker,Phinnessy,tphinnessymt@japanpost.jp,Male,32.251.230.5
823,Raine,Apfel,rapfelmu@sphinn.com,Female,131.183.204.1
824,Kerstin,Rolston,krolstonmv@chronoengine.com,Female,36.69.95.209
825,Ludwig,Fforde,lffordemw@wunderground.com,Male,167.200.210.10
826,Nowell,Petrushanko,npetrushankomx@wikispaces.com,Male,18.179.101.152
827,Emile,Cortese,ecortesemy@nhs.uk,Male,250.76.108.155
828,Haleigh,Eversfield,heversfieldmz@is.gd,Male,214.23.149.141
829,Prudy,Goodman,pgoodmann0@bloomberg.com,Female,181.137.221.28
830,Tymon,Beacock,tbeacockn1@jimdo.com,Male,253.95.49.252
831,Windham,Cluely,wcluelyn2@va.gov,Male,81.136.57.32
832,Stormi,Ridesdale,sridesdalen3@posterous.com,Female,80.217.244.15
833,Gwenni,Lerer,glerern4@independent.co.uk,Female,74.230.79.9
834,Jobi,Ternouth,jternouthn5@ebay.co.uk,Female,116.255.59.221
835,Felizio,Reide,freiden6@linkedin.com,Male,105.98.87.128
836,Diane,Ramas,dramasn7@virginia.edu,Female,140.106.233.121
837,Pris,Laneham,planehamn8@princeton.edu,Bigender,137.52.128.122
838,Editha,Kloska,ekloskan9@prlog.org,Female,8.25.7.9
839,Marcela,Androck,mandrockna@slate.com,Female,238.55.186.211
840,Conant,Conklin,cconklinnb@clickbank.net,Male,176.239.30.62
841,Rollo,Fosher,rfoshernc@cbc.ca,Male,128.217.61.41
842,Perla,Iliffe,piliffend@google.fr,Female,145.112.237.139
843,Nicolina,Pearson,npearsonne@ustream.tv,Female,240.231.50.174
844,Ferris,Hazlewood,fhazlewoodnf@biglobe.ne.jp,Male,54.51.213.223
845,Jarrid,Kimpton,jkimptonng@webnode.com,Male,11.130.191.40
846,Adam,Chilles,achillesnh@chron.com,Male,77.241.194.12
847,Judas,Chismon,jchismonni@bloglines.com,Male,140.253.145.76
848,Koral,Slaten,kslatennj@hugedomains.com,Polygender,206.69.228.145
849,Matthieu,Lackham,mlackhamnk@loc.gov,Male,170.82.120.139
850,Rubina,Danilyak,rdanilyaknl@biglobe.ne.jp,Female,183.157.148.165
851,Renault,Cresswell,rcresswellnm@independent.co.uk,Male,60.254.90.163
852,Laurel,Lawly,llawlynn@networkadvertising.org,Female,50.122.173.29
853,Janifer,Cristol,jcristolno@dagondesign.com,Female,15.60.91.241
854,Alina,Stollberg,astollbergnp@sina.com.cn,Female,90.147.176.203
855,Renata,D'Souza,rdsouzanq@gov.uk,Female,243.168.12.87
856,Antoni,Pickup,apickupnr@shop-pro.jp,Male,240.149.122.207
857,Gene,Grimestone,ggrimestonens@nature.com,Male,43.189.95.143
858,Ebenezer,Dorman,edormannt@wikispaces.com,Male,249.53.49.37
859,Ruby,Terbrug,rterbrugnu@answers.com,Male,246.138.71.18
860,Brynna,Wigley,bwigleynv@zimbio.com,Female,129.10.183.72
861,Archibald,Ulyat,aulyatnw@amazon.de,Male,106.76.171.191
862,Erinn,Ivons,eivonsnx@noaa.gov,Female,132.116.14.40
863,Frasco,Chominski,fchominskiny@usgs.gov,Male,9.77.140.103
864,Carling,Siggins,csigginsnz@fastcompany.com,Male,140.15.37.137
865,Chen,Borthe,cbortheo0@ifeng.com,Male,222.9.123.38
866,Sallie,Bendle,sbendleo1@wix.com,Female,207.120.63.207
867,Damita,Penrice,dpenriceo2@privacy.gov.au,Female,80.158.145.107
868,Mayne,Checchi,mchecchio3@utexas.edu,Male,194.63.163.54
869,Murray,Fowley,mfowleyo4@berkeley.edu,Male,45.36.210.198
870,Nickie,Donhardt,ndonhardto5@nbcnews.com,Male,222.104.0.239
871,Delores,Fursey,dfurseyo6@youku.com,Female,52.148.154.123
872,Arri,Flew,aflewo7@google.it,Male,138.159.31.122
873,Trever,Di Matteo,tdimatteoo8@google.es,Male,58.45.123.229
874,Had,Abreheart,habrehearto9@over-blog.com,Male,32.128.111.133
875,Becki,Stronghill,bstronghilloa@google.co.uk,Female,29.86.60.58
876,Diego,Barnewall,dbarnewallob@earthlink.net,Male,105.181.25.51
877,Onofredo,Danis,odanisoc@tripadvisor.com,Male,166.212.227.200
878,Crichton,Secret,csecretod@independent.co.uk,Male,158.245.150.219
879,Rona,Atkin,ratkinoe@nih.gov,Female,10.81.112.128
880,Emmalee,Calterone,ecalteroneof@ebay.com,Female,29.16.2.222
881,Robby,Cherm,rchermog@tripod.com,Genderfluid,123.241.72.90
882,Antonie,Claxson,aclaxsonoh@themeforest.net,Female,152.99.92.155
883,Josee,Yearne,jyearneoi@princeton.edu,Female,187.31.213.115
884,Lauri,Plover,lploveroj@purevolume.com,Female,55.249.21.184
885,Babara,Gainsbury,bgainsburyok@blogger.com,Female,162.193.221.62
886,Kelcy,Mannagh,kmannaghol@discovery.com,Female,123.3.195.240
887,Margaretta,Whyatt,mwhyattom@rediff.com,Female,51.214.158.234
888,Shirl,Cranmor,scranmoron@unblog.fr,Female,247.246.168.217
889,Cristionna,Cleeton,ccleetonoo@opensource.org,Female,104.61.169.243
890,Filmore,Cheetham,fcheethamop@tumblr.com,Male,153.245.218.172
891,Clement,Gosalvez,cgosalvezoq@youtube.com,Male,146.128.201.10
892,Lon,Giacomasso,lgiacomassoor@cbc.ca,Male,73.174.136.175
893,Tod,Sidaway,tsidawayos@wsj.com,Male,175.237.162.238
894,Cherin,Cazalet,ccazaletot@house.gov,Female,80.252.58.66
895,Gerti,Bettridge,gbettridgeou@facebook.com,Female,17.203.162.168
896,Cordy,Worsall,cworsallov@cloudflare.com,Bigender,173.148.28.97
897,Karlee,Bartleet,kbartleetow@spiegel.de,Female,176.175.80.138
898,Weidar,Lambregts,wlambregtsox@netvibes.com,Male,40.56.118.155
899,Marinna,Trase,mtraseoy@sphinn.com,Female,97.221.109.167
900,Elliot,Mengue,emengueoz@photobucket.com,Male,43.116.202.20
901,Rochette,Luckes,rluckesp0@yandex.ru,Female,11.226.202.136
902,Jolee,de Copeman,jdecopemanp1@disqus.com,Female,20.219.147.72
903,Derron,Klamman,dklammanp2@amazon.co.uk,Male,171.210.79.43
904,Karmen,Trower,ktrowerp3@dropbox.com,Female,136.64.35.152
905,Madelena,Peaker,mpeakerp4@list-manage.com,Female,134.135.177.75
906,Trudie,Strangeway,tstrangewayp5@ocn.ne.jp,Female,89.168.75.247
907,See,Fitzsimons,sfitzsimonsp6@adobe.com,Male,246.82.251.86
908,Gorden,Riquet,griquetp7@xinhuanet.com,Male,229.178.156.134
909,Leroi,Morteo,lmorteop8@ovh.net,Male,101.91.138.241
910,Hugo,Archdeacon,harchdeaconp9@sun.com,Male,93.68.253.65
911,Barbabas,Jotcham,bjotchampa@boston.com,Male,251.245.243.136
912,Wanda,Salkild,wsalkildpb@ebay.co.uk,Polygender,20.225.81.122
913,Carce,Doel,cdoelpc@altervista.org,Male,31.31.105.32
914,Donnie,Schuricht,dschurichtpd@europa.eu,Male,135.238.253.194
915,Dominica,Daspar,ddasparpe@weather.com,Female,15.203.87.244
916,Elfreda,Kerner,ekernerpf@telegraph.co.uk,Female,43.62.55.134
917,Marne,Gradly,mgradlypg@trellian.com,Female,149.117.243.37
918,Nikita,Payler,npaylerph@google.nl,Male,243.63.90.219
919,Trenna,Triner,ttrinerpi@hubpages.com,Female,251.112.246.90
920,Vivien,Moisey,vmoiseypj@techcrunch.com,Bigender,187.62.173.71
921,Annabel,Dumblton,adumbltonpk@etsy.com,Female,187.99.166.17
922,Scotti,Fruchter,sfruchterpl@hibu.com,Male,95.220.211.239
923,Alejandra,Molines,amolinespm@cocolog-nifty.com,Female,239.37.176.205
924,Hercule,Abbatt,habbattpn@google.pl,Male,101.245.68.12
925,Desiri,Grigoroni,dgrigoronipo@marriott.com,Female,164.206.31.5
926,Vanna,Doogan,vdooganpp@independent.co.uk,Female,51.106.61.171
927,Margie,Lipson,mlipsonpq@i2i.jp,Female,228.164.42.51
928,Arther,Gennings,agenningspr@ycombinator.com,Male,65.7.63.197
929,Virgie,Brannan,vbrannanps@nps.gov,Female,47.157.137.97
930,Ben,Booker,bbookerpt@technorati.com,Male,217.206.114.133
931,Rebeca,Mathy,rmathypu@si.edu,Female,131.83.134.7
932,Stesha,Myner,smynerpv@baidu.com,Female,216.39.216.36
933,Melanie,McGarvie,mmcgarviepw@blog.com,Genderfluid,217.143.49.217
934,Dmitri,Gonnin,dgonninpx@ebay.co.uk,Male,63.150.38.58
935,Hugo,Charlotte,hcharlottepy@cnn.com,Male,229.15.34.25
936,Nealon,Mardling,nmardlingpz@wix.com,Male,223.95.94.93
937,Killy,Rown,krownq0@forbes.com,Male,203.84.152.53
938,Ardis,Alexandersson,aalexanderssonq1@jiathis.com,Female,136.168.9.148
939,Jocelyn,Bertrand,jbertrandq2@goo.ne.jp,Female,148.229.202.153
940,Leonanie,Probart,lprobartq3@auda.org.au,Female,33.37.100.223
941,Robina,Chaloner,rchalonerq4@nasa.gov,Female,122.94.69.42
942,Page,Stoeckle,pstoeckleq5@blogtalkradio.com,Male,72.188.132.114
943,Estelle,Shorto,eshortoq6@shinystat.com,Bigender,17.9.108.215
944,Brigitta,Sukbhans,bsukbhansq7@creativecommons.org,Female,152.179.137.4
945,Teri,Glidden,tgliddenq8@storify.com,Female,220.55.61.250
946,Korry,Tice,kticeq9@rediff.com,Female,229.118.177.70
947,Levey,Crain,lcrainqa@utexas.edu,Male,76.121.85.14
948,Carey,Keilloh,ckeillohqb@sfgate.com,Male,123.194.121.229
949,Donall,Tinham,dtinhamqc@t.co,Male,142.53.184.50
950,Rozamond,Evanson,revansonqd@prnewswire.com,Female,158.199.175.33
951,Boigie,Bachshell,bbachshellqe@quantcast.com,Male,75.99.232.116
952,Carie,Veel,cveelqf@gravatar.com,Female,137.183.168.159
953,Iosep,Priestner,ipriestnerqg@purevolume.com,Male,28.175.186.213
954,Boris,Sidle,bsidleqh@1688.com,Male,20.70.127.208
955,Marla,Bratley,mbratleyqi@oaic.gov.au,Genderfluid,254.173.202.84
956,Modesty,Bockler,mbocklerqj@miibeian.gov.cn,Female,53.167.42.72
957,Colet,Dictus,cdictusqk@prlog.org,Male,56.193.127.127
958,Bobby,Killoran,bkilloranql@dyndns.org,Female,141.120.18.61
959,Dexter,Cornew,dcornewqm@stanford.edu,Male,116.177.132.33
960,Frederica,Solloway,fsollowayqn@nyu.edu,Agender,101.251.156.151
961,Tabatha,Clarke,tclarkeqo@gov.uk,Female,207.20.172.147
962,Basilius,Dibbin,bdibbinqp@is.gd,Male,101.30.201.184
963,Jamesy,Norsister,jnorsisterqq@purevolume.com,Male,101.150.155.134
964,Phelia,Grigolashvill,pgrigolashvillqr@wikispaces.com,Female,138.64.222.224
965,Christel,Kerfut,ckerfutqs@freewebs.com,Female,127.89.226.148
966,Debee,Ygo,dygoqt@sakura.ne.jp,Female,216.23.5.171
967,Hasheem,Gallahar,hgallaharqu@odnoklassniki.ru,Male,13.9.33.144
968,Claude,De Mitri,cdemitriqv@people.com.cn,Female,28.174.163.10
969,Chrysler,Fogel,cfogelqw@webnode.com,Female,24.187.129.50
970,Owen,Clemetts,oclemettsqx@phoca.cz,Male,45.247.20.62
971,Ricky,Fattorini,rfattoriniqy@un.org,Female,58.210.200.21
972,Ted,Menicomb,tmenicombqz@github.com,Female,171.125.9.200
973,Tommy,Baynard,tbaynardr0@flavors.me,Male,197.202.159.142
974,Dyann,Hulbert,dhulbertr1@cnet.com,Female,236.157.248.159
975,Zita,Lamplough,zlamploughr2@scribd.com,Female,39.78.197.249
976,Tadd,Moth,tmothr3@nhs.uk,Male,221.211.234.0
977,Ardelia,O'Griffin,aogriffinr4@scientificamerican.com,Female,56.60.10.175
978,Etienne,Lotterington,elotteringtonr5@tumblr.com,Male,166.197.212.129
979,Ashely,Banaszewski,abanaszewskir6@vistaprint.com,Female,5.144.109.123
980,Diandra,Peppard,dpeppardr7@twitter.com,Female,176.113.130.140
981,Kaleena,Ilott,kilottr8@mozilla.com,Female,239.180.119.252
982,Arte,Castenda,acastendar9@com.com,Male,248.212.36.75
983,Wilmar,Heasman,wheasmanra@hao123.com,Male,239.149.49.225
984,Quinn,Dummett,qdummettrb@constantcontact.com,Male,48.204.214.123
985,Egan,Ormonde,eormonderc@cmu.edu,Polygender,162.18.238.138
986,Abdel,Meddows,ameddowsrd@jimdo.com,Male,244.80.192.126
987,Rodolfo,Beesley,rbeesleyre@skype.com,Male,36.11.196.181
988,Modestia,Springle,mspringlerf@geocities.jp,Female,228.198.166.52
989,Tristam,McWhinnie,tmcwhinnierg@spiegel.de,Male,155.18.175.242
990,Gavin,Tuison,gtuisonrh@e-recht24.de,Male,78.203.204.131
991,Ellen,Landall,elandallri@cbslocal.com,Female,72.247.163.122
992,Martynne,O' Donohue,modonohuerj@creativecommons.org,Female,162.138.61.120
993,Neysa,Schimoni,nschimonirk@google.de,Female,134.137.78.171
994,Egan,Dietzler,edietzlerrl@skype.com,Genderfluid,27.5.24.243
995,Siobhan,Benneton,sbennetonrm@unicef.org,Female,183.227.63.58
996,Hort,Halpen,hhalpenrn@jiathis.com,Male,39.103.87.104
997,Ignaz,Corrin,icorrinro@dailymotion.com,Male,125.73.61.233
998,Blondell,Haskins,bhaskinsrp@chron.com,Female,191.12.10.231
999,Berti,McLinden,bmclindenrq@ft.com,Female,192.156.248.204
1000,Shelden,Kirkebye,skirkebyerr@flavors.me,Genderqueer,47.133.26.136
